{
  "benchmark_run": {
    "command": [
      "/opt/hostedtoolcache/Python/3.11.15/x64/bin/python",
      "prototypes/omega_max_benchmark.py"
    ],
    "returncode": 0,
    "stderr": "",
    "stdout": "=== [IGNITION] OMEGA-FFWT-HAC-CVCD-ASP-MAX :: FFWT CORE BENCHMARK B1-B3 ===\n\n--- B1: Damped oscillator ---\nextracted: {\n  \"ffwt_dominant_level\": 7.0,\n  \"ffwt_energy_entropy\": 0.4476892944675947,\n  \"ffwt_mean_adjacent_coherence\": 0.01777023413832191,\n  \"fractal_ratio\": 50.775159863644944,\n  \"gamma_eff\": 0.4906276597757615,\n  \"w0_eff\": 5.016707035272575\n}\ntruth:     {\n  \"gamma_true\": 0.5,\n  \"phi_true\": 0.2,\n  \"w0_true\": 5.0\n}\nerrors:    {\n  \"gamma_rel_error\": 0.018744680448439504,\n  \"w0_rel_error\": 0.003341407054514398\n}\nOAK score: 93.90 -> CANON\n\n--- B2: RLC underdamped ---\nextracted: {\n  \"Q_eff\": 6.787205274758585,\n  \"alpha_eff\": 0.3680204076678927,\n  \"ffwt_dominant_level\": 7.0,\n  \"ffwt_energy_entropy\": 0.37484954970458956,\n  \"ffwt_mean_adjacent_coherence\": 0.025893554181845642,\n  \"fractal_ratio\": 93.34020535608137,\n  \"omega0_eff\": 4.995660104284652,\n  \"wd_eff\": 4.982085994549\n}\ntruth:     {\n  \"C_true\": 0.04,\n  \"L_true\": 1.0,\n  \"Q_true\": 7.142857142857143,\n  \"R_true\": 0.7,\n  \"alpha_true\": 0.35,\n  \"omega0_true\": 5.0,\n  \"wd_true\": 4.987734956871706\n}\nerrors:    {\n  \"Q_rel_error\": 0.04979126153379119,\n  \"alpha_rel_error\": 0.051486879050974904,\n  \"omega0_rel_error\": 0.0008679791430694236,\n  \"wd_rel_error\": 0.0011325706701640222\n}\nOAK score: 89.92 -> CANON\n\n--- B3: Diffusion 1D ---\nextracted: {\n  \"D_eff\": 1.6118081379061378,\n  \"D_ffwt_candidate\": 31.081990038398544,\n  \"D_var_control\": 1.26785985306961,\n  \"ffwt_active_levels\": 8.0,\n  \"ffwt_coherence_L1_L2\": 0.0045525684350419425,\n  \"ffwt_coherence_L2_L3\": 0.0005408192890938224,\n  \"ffwt_coherence_L3_L4\": 0.02668824663198152,\n  \"ffwt_coherence_L4_L5\": 0.17109352884660997,\n  \"ffwt_coherence_L5_L6\": 0.2132491354055563,\n  \"ffwt_coherence_L6_L7\": 0.24050452967177824,\n  \"ffwt_coherence_L7_L8\": 0.2619029478417725,\n  \"ffwt_detail_energy_L1\": 0.00647157712913261,\n  \"ffwt_detail_energy_L2\": 0.0036617681972935393,\n  \"ffwt_detail_energy_L3\": 0.002229412958624443,\n  \"ffwt_detail_energy_L4\": 0.002237681445167516,\n  \"ffwt_detail_energy_L5\": 0.006831658921345192,\n  \"ffwt_detail_energy_L6\": 0.024345402664201127,\n  \"ffwt_detail_energy_L7\": 0.09754286094137213,\n  \"ffwt_detail_energy_L8\": 0.36602521760638373,\n  \"ffwt_dominant_level\": 8.0,\n  \"ffwt_dominant_relative_energy\": 0.031684974070803465,\n  \"ffwt_energy_entropy\": 0.43074824321845073,\n  \"ffwt_log_energy_slope\": 0.63031722471434,\n  \"ffwt_mean_adjacent_coherence\": 0.13121882516026204,\n  \"ffwt_reconstruction_energy\": 11.552012534031443,\n  \"ffwt_reconstruction_energy_error\": 2.3065550277502123e-15,\n  \"ffwt_relative_energy_L1\": 0.0005602120937860627,\n  \"ffwt_relative_energy_L2\": 0.0003169809750903759,\n  \"ffwt_relative_energy_L3\": 0.00019298913951631708,\n  \"ffwt_relative_energy_L4\": 0.00019370490107896383,\n  \"ffwt_relative_energy_L5\": 0.0005913825752196489,\n  \"ffwt_relative_energy_L6\": 0.0021074598553698907,\n  \"ffwt_relative_energy_L7\": 0.008443798052851594,\n  \"ffwt_relative_energy_L8\": 0.031684974070803465,\n  \"ffwt_residual_energy\": 11.042666954167935,\n  \"ffwt_residual_ratio\": 0.9559084983362824,\n  \"ffwt_total_detail_energy\": 0.5093455798635202,\n  \"ffwt_total_energy\": 11.55201253403147,\n  \"fractal_ratio\": 48.823475781792,\n  \"mean_x_eff\": 0.00783757224407755,\n  \"var_x_eff\": 5.07143941227844\n}\ntruth:     {\n  \"D_true\": 1.5,\n  \"t_obs\": 2.0\n}\nerrors:    {\n  \"D_ffwt_candidate_rel_error\": 19.721326692252546,\n  \"D_rel_error\": 0.07453875860404213\n}\nOAK score: 88.55 -> CANON\n\n[REPORT] /home/runner/work/TFUGA-AI7-TRISTAN2/TFUGA-AI7-TRISTAN2/omega_max_oak_report.json\n=== [END] OAK registry updated locally. ===\n"
  },
  "findings": [
    {
      "category": "canon",
      "evidence": {
        "cvcd_files": 3,
        "ffwt_files": 3,
        "oak_files": 3,
        "theory_files": 3
      },
      "name": "Theory corpus integrity",
      "next_action": "Keep theories linked to executable benchmarks and ablation reports.",
      "status": "CANON"
    },
    {
      "category": "benchmark",
      "evidence": {
        "errors": {
          "gamma_rel_error": 0.018744680448439504,
          "w0_rel_error": 0.003341407054514398
        },
        "extracted": {
          "ffwt_dominant_level": 7.0,
          "ffwt_energy_entropy": 0.4476892944675947,
          "ffwt_mean_adjacent_coherence": 0.01777023413832191,
          "fractal_ratio": 50.775159863644944,
          "gamma_eff": 0.4906276597757615,
          "w0_eff": 5.016707035272575
        },
        "ground_truth": {
          "gamma_true": 0.5,
          "phi_true": 0.2,
          "w0_true": 5.0
        },
        "notes": "gamma/w0 extracted with robust physics estimator; FFWT signatures attached as CVCD evidence",
        "oak_score": 93.89569562485231
      },
      "name": "B1 — Damped oscillator",
      "next_action": "Promote to regression test and compare against FFT/STFT/CWT baselines.",
      "status": "CANON"
    },
    {
      "category": "benchmark",
      "evidence": {
        "errors": {
          "Q_rel_error": 0.04979126153379119,
          "alpha_rel_error": 0.051486879050974904,
          "omega0_rel_error": 0.0008679791430694236,
          "wd_rel_error": 0.0011325706701640222
        },
        "extracted": {
          "Q_eff": 6.787205274758585,
          "alpha_eff": 0.3680204076678927,
          "ffwt_dominant_level": 7.0,
          "ffwt_energy_entropy": 0.37484954970458956,
          "ffwt_mean_adjacent_coherence": 0.025893554181845642,
          "fractal_ratio": 93.34020535608137,
          "omega0_eff": 4.995660104284652,
          "wd_eff": 4.982085994549
        },
        "ground_truth": {
          "C_true": 0.04,
          "L_true": 1.0,
          "Q_true": 7.142857142857143,
          "R_true": 0.7,
          "alpha_true": 0.35,
          "omega0_true": 5.0,
          "wd_true": 4.987734956871706
        },
        "notes": "RLC parameters inferred from damped mode; FFWT multiscale evidence included",
        "oak_score": 89.91803274005001
      },
      "name": "B2 — RLC underdamped",
      "next_action": "Promote to regression test and compare against FFT/STFT/CWT baselines.",
      "status": "CANON"
    },
    {
      "category": "benchmark",
      "evidence": {
        "errors": {
          "D_ffwt_candidate_rel_error": 19.721326692252546,
          "D_rel_error": 0.07453875860404213
        },
        "extracted": {
          "D_eff": 1.6118081379061378,
          "D_ffwt_candidate": 31.081990038398544,
          "D_var_control": 1.26785985306961,
          "ffwt_active_levels": 8.0,
          "ffwt_coherence_L1_L2": 0.0045525684350419425,
          "ffwt_coherence_L2_L3": 0.0005408192890938224,
          "ffwt_coherence_L3_L4": 0.02668824663198152,
          "ffwt_coherence_L4_L5": 0.17109352884660997,
          "ffwt_coherence_L5_L6": 0.2132491354055563,
          "ffwt_coherence_L6_L7": 0.24050452967177824,
          "ffwt_coherence_L7_L8": 0.2619029478417725,
          "ffwt_detail_energy_L1": 0.00647157712913261,
          "ffwt_detail_energy_L2": 0.0036617681972935393,
          "ffwt_detail_energy_L3": 0.002229412958624443,
          "ffwt_detail_energy_L4": 0.002237681445167516,
          "ffwt_detail_energy_L5": 0.006831658921345192,
          "ffwt_detail_energy_L6": 0.024345402664201127,
          "ffwt_detail_energy_L7": 0.09754286094137213,
          "ffwt_detail_energy_L8": 0.36602521760638373,
          "ffwt_dominant_level": 8.0,
          "ffwt_dominant_relative_energy": 0.031684974070803465,
          "ffwt_energy_entropy": 0.43074824321845073,
          "ffwt_log_energy_slope": 0.63031722471434,