{
  "benchmark_run": {
    "command": [
      "/opt/hostedtoolcache/Python/3.11.15/x64/bin/python",
      "prototypes/omega_max_benchmark.py"
    ],
    "returncode": 0,
    "stderr": "",
    "stdout": "=== [IGNITION] OMEGA-FFWT-HAC-CVCD-ASP-MAX :: BENCHMARK B1-B3 ===\n\n--- B1: Damped oscillator ---\nextracted: {\n  \"gamma_eff\": 0.4906276597757615,\n  \"w0_eff\": 5.016707035272575\n}\ntruth:     {\n  \"gamma_true\": 0.5,\n  \"phi_true\": 0.2,\n  \"w0_true\": 5.0\n}\nerrors:    {\n  \"gamma_rel_error\": 0.018744680448439504,\n  \"w0_rel_error\": 0.003341407054514398\n}\nOAK score: 93.90 -> CANON\n\n--- B2: RLC underdamped ---\nextracted: {\n  \"Q_eff\": 6.787205274758584,\n  \"alpha_eff\": 0.36802040766789273,\n  \"omega0_eff\": 4.995660104284652,\n  \"wd_eff\": 4.982085994549\n}\ntruth:     {\n  \"C_true\": 0.04,\n  \"L_true\": 1.0,\n  \"Q_true\": 7.142857142857143,\n  \"R_true\": 0.7,\n  \"alpha_true\": 0.35,\n  \"omega0_true\": 5.0,\n  \"wd_true\": 4.987734956871706\n}\nerrors:    {\n  \"Q_rel_error\": 0.04979126153379131,\n  \"alpha_rel_error\": 0.051486879050975064,\n  \"omega0_rel_error\": 0.0008679791430694236,\n  \"wd_rel_error\": 0.0011325706701640222\n}\nOAK score: 89.92 -> CANON\n\n--- B3: Diffusion 1D ---\nextracted: {\n  \"D_eff\": 1.6118081379061378,\n  \"D_var_control\": 1.26785985306961,\n  \"haar_detail_energy_L1\": 0.003800438194022626,\n  \"haar_detail_energy_L2\": 0.0010340774014629454,\n  \"haar_detail_energy_L3\": 0.00030486504984560364,\n  \"haar_detail_energy_L4\": 0.00014919051027407424,\n  \"haar_detail_energy_L5\": 0.0002142651269254907,\n  \"haar_residual_energy\": 0.3603350606246709,\n  \"mean_x_eff\": 0.00783757224407755,\n  \"var_x_eff\": 5.07143941227844\n}\ntruth:     {\n  \"D_true\": 1.5,\n  \"t_obs\": 2.0\n}\nerrors:    {\n  \"D_rel_error\": 0.07453875860404213\n}\nOAK score: 88.55 -> CANON\n\n[REPORT] /home/runner/work/TFUGA-AI7-TRISTAN2/TFUGA-AI7-TRISTAN2/omega_max_oak_report.json\n=== [END] OAK registry updated locally. ===\n"
  },
  "findings": [
    {
      "category": "canon",
      "evidence": {
        "cvcd_files": 3,
        "ffwt_files": 3,
        "oak_files": 3,
        "theory_files": 3
      },
      "name": "Theory corpus integrity",
      "next_action": "Keep theories linked to executable benchmarks and ablation reports.",
      "status": "CANON"
    },
    {
      "category": "benchmark",
      "evidence": {
        "errors": {
          "gamma_rel_error": 0.018744680448439504,
          "w0_rel_error": 0.003341407054514398
        },
        "extracted": {
          "gamma_eff": 0.4906276597757615,
          "w0_eff": 5.016707035272575
        },
        "ground_truth": {
          "gamma_true": 0.5,
          "phi_true": 0.2,
          "w0_true": 5.0
        },
        "notes": "gamma and w0 extracted from analytic envelope + FFT/phase fusion",
        "oak_score": 93.89569562485231
      },
      "name": "B1 — Damped oscillator",
      "next_action": "Promote to regression test and compare against FFT/STFT/CWT baselines.",
      "status": "CANON"
    },
    {
      "category": "benchmark",
      "evidence": {
        "errors": {
          "Q_rel_error": 0.04979126153379131,
          "alpha_rel_error": 0.051486879050975064,
          "omega0_rel_error": 0.0008679791430694236,
          "wd_rel_error": 0.0011325706701640222
        },
        "extracted": {
          "Q_eff": 6.787205274758584,
          "alpha_eff": 0.36802040766789273,
          "omega0_eff": 4.995660104284652,
          "wd_eff": 4.982085994549
        },
        "ground_truth": {
          "C_true": 0.04,
          "L_true": 1.0,
          "Q_true": 7.142857142857143,
          "R_true": 0.7,
          "alpha_true": 0.35,
          "omega0_true": 5.0,
          "wd_true": 4.987734956871706
        },
        "notes": "RLC parameters inferred from damped oscillatory mode",
        "oak_score": 89.91803274005001
      },
      "name": "B2 — RLC underdamped",
      "next_action": "Promote to regression test and compare against FFT/STFT/CWT baselines.",
      "status": "CANON"
    },
    {
      "category": "benchmark",
      "evidence": {
        "errors": {
          "D_rel_error": 0.07453875860404213
        },
        "extracted": {
          "D_eff": 1.6118081379061378,
          "D_var_control": 1.26785985306961,
          "haar_detail_energy_L1": 0.003800438194022626,
          "haar_detail_energy_L2": 0.0010340774014629454,
          "haar_detail_energy_L3": 0.00030486504984560364,
          "haar_detail_energy_L4": 0.00014919051027407424,
          "haar_detail_energy_L5": 0.0002142651269254907,
          "haar_residual_energy": 0.3603350606246709,
          "mean_x_eff": 0.00783757224407755,
          "var_x_eff": 5.07143941227844
        },
        "ground_truth": {
          "D_true": 1.5,
          "t_obs": 2.0
        },
        "notes": "D extracted from robust spatial variance, using Var[x]=2Dt",
        "oak_score": 88.54612413959579
      },
      "name": "B3 — Diffusion 1D",
      "next_action": "Promote to regression test and compare against FFT/STFT/CWT baselines.",
      "status": "CANON"
    }
  ],
  "generated_at": "2026-06-16T21:25:22+00:00",
  "guardrails": {
    "allowed_output_dir": "reports/auto_genesis",
    "requires_human_review_for_code_changes": true,
    "writes_reports_only": true,
    "writes_source_code": false
  },
  "improvement_queue": [
    {
      "item": "Freeze B1 — Damped oscillator as regression benchmark",
      "priority": "P0",
      "rationale": "CANON OAK score reached; future code must not regress this result.",
      "suggested_file": "tests/test_omega_max_benchmark.py"
    },
    {
      "item": "Freeze B2 — RLC underdamped as regression benchmark",
      "priority": "P0",
      "rationale": "CANON OAK score reached; future code must not regress this result.",
      "suggested_file": "tests/test_omega_max_benchmark.py"
    },
    {
      "item": "Freeze B3 — Diffusion 1D as regression benchmark",
      "priority": "P0",
      "rationale": "CANON OAK score reached; future code must not regress this result.",
      "suggested_file": "tests/test_omega_max_benchmark.py"
    },
    {
      "item": "Replace Haar/analytic surrogate with true adaptive FFWT core",
      "priority": "P0",
      "rationale": "Current prototype is executable but not yet the full fractal wavelet transform.",
      "suggested_file": "core/ffwt_core.py"
    },
    {
      "item": "Add baseline comparison suite: FFT, STFT, DWT/CWT, PCA/SVD",
      "priority": "P1",
      "rationale": "OAK requires measurable gains against standard methods.",
      "suggested_file": "prototypes/baselines.py"
    },
    {
      "item": "Add ablation matrix R/C/H/O/S16",
      "priority": "P1",
      "rationale": "Hyperalgebraic claims must beat simpler algebras before canonization.",
      "suggested_file": "prototypes/algebra_ablation.py"
    }
  ],
  "root": "/home/runner/work/TFUGA-AI7-TRISTAN2/TFUGA-AI7-TRISTAN2",
  "summary": {
    "CANON": 4,
    "FERTILE": 0,
    "M_MINUS": 0
  },
  "system": "TTM-TFUGA-AI7-TRISTAN2 Guarded Auto-Genesis",
  "theories": [
    {
      "bytes": 13944,
      "lines": 664,
      "mentions_cvcd": true,
      "mentions_ffwt": true,
      "mentions_oak": true,
      "path": "docs/theories/omega-ffwt-hac-cvcd-asp-max-research-program.md",
      "title": "Ω-FFWT-HAC-CVCD-ASP-MAX — Research Program, Prototype Roadmap & OAK Benchmark Canon"
    },
    {
      "bytes": 21612,
      "lines": 1259,
      "mentions_cvcd": true,
      "mentions_ffwt": true,
      "mentions_oak": true,
      "path": "docs/theories/omega-ffwt-hac-cvcd-asp.md",
      "title": "Ω-FFWT-HAC-CVCD-ASP — Analytic Signal Physics"
    },
    {
      "bytes": 8386,
      "lines": 287,
      "mentions_cvcd": true,
      "mentions_ffwt": true,
      "mentions_oak": true,
      "path": "docs/theories/omega-ffwt-hac-cvcd.md",
      "title": "Ω-FFWT-HAC-CVCD — Hyper-Algebraic Coherence"
    }
  ]
}